address,town,flat_type,flat_model,floor_area_sqm,price_psm,predicted_price_psm,residual,residual_pct,potential_savings,potential_savings_pct,iso_anomaly,lof_anomaly,anomaly_methods,year,month
293 BISHAN ST 22,BISHAN,4 ROOM,Premium Apartment,102.0,5833.333333333333,6653.470973417661,-820.1376400843283,-12.326463035023231,-83654.03928860149,-12.326463035023231,Normal,Anomaly,2,2021,2021-01-01
445 SIN MING AVE,BISHAN,EXECUTIVE,Maisonette,187.0,4866.310160427807,6177.3318607506335,-1311.0217003228263,-21.22310618687594,-245161.05796036852,-21.22310618687594,Anomaly,,2,2021,2021-01-01
6 FARRER RD,BUKIT TIMAH,4 ROOM,Improved,91.0,4923.076923076923,6081.173147392192,-1158.096224315269,-19.04396070044312,-105386.75641268947,-19.04396070044312,Anomaly,Normal,2,2021,2021-01-01
1E CANTONMENT RD,CENTRAL AREA,5 ROOM,Type S2,107.0,9158.878504672897,10207.778421744799,-1048.8999170719017,-10.275496525644753,-112232.29112669348,-10.275496525644753,Anomaly,Normal,2,2021,2021-01-01
38 UPP BOON KENG RD,KALLANG/WHAMPOA,5 ROOM,Standard,119.0,4201.680672268908,5186.880238162403,-985.1995658934948,-18.994068122971143,-117238.74834132587,-18.994068122971143,Anomaly,Anomaly,3,2021,2021-01-01
7 GHIM MOH RD,QUEENSTOWN,5 ROOM,Standard,114.0,5526.315789473684,6294.9879615133805,-768.6721720396963,-12.210860080102513,-87628.62761252538,-12.210860080102513,Anomaly,,2,2021,2021-01-01
7 GHIM MOH RD,QUEENSTOWN,5 ROOM,Standard,114.0,5526.315789473684,6294.9879615133805,-768.6721720396963,-12.210860080102513,-87628.62761252538,-12.210860080102513,Anomaly,Normal,2,2021,2021-01-01
7 GHIM MOH RD,QUEENSTOWN,5 ROOM,Standard,114.0,5526.315789473684,6294.9879615133805,-768.6721720396963,-12.210860080102513,-87628.62761252538,-12.210860080102513,Anomaly,Normal,2,2021,2021-01-01
7 GHIM MOH RD,QUEENSTOWN,5 ROOM,Standard,114.0,5526.315789473684,6294.9879615133805,-768.6721720396963,-12.210860080102513,-87628.62761252538,-12.210860080102513,Anomaly,Normal,2,2021,2021-01-01
7 GHIM MOH RD,QUEENSTOWN,5 ROOM,Standard,114.0,5526.315789473684,6353.471667317976,-827.1558778442923,-13.018959100725223,-94295.77007424932,-13.018959100725223,Anomaly,,2,2021,2021-01-01
250 BISHAN ST 22,BISHAN,4 ROOM,Model A,105.0,4666.666666666667,5810.913163941399,-1144.246497274732,-19.69133705826397,-120145.88221384687,-19.69133705826397,Normal,Anomaly,2,2021,2021-02-01
264 BISHAN ST 24,BISHAN,4 ROOM,Model A,104.0,4740.384615384615,6164.617801951971,-1424.233186567356,-23.10334934497294,-148120.251403005,-23.10334934497294,Normal,Anomaly,2,2021,2021-02-01
45 TELOK BLANGAH DR,BUKIT MERAH,2 ROOM,Improved,45.0,4444.444444444444,5310.67175605099,-866.2273116065453,-16.311068569048054,-38980.22902229454,-16.311068569048054,Anomaly,,2,2021,2021-02-01
80A TELOK BLANGAH ST 31,BUKIT MERAH,4 ROOM,Premium Apartment,95.0,8894.736842105263,9594.591112324113,-699.8542702188497,-7.294258421496432,-66486.15567079073,-7.294258421496432,Normal,Anomaly,2,2021,2021-02-01
1A CANTONMENT RD,CENTRAL AREA,4 ROOM,Type S1,97.0,9690.721649484536,10390.326542793178,-699.6048933086422,-6.733232978071264,-67861.6746509383,-6.733232978071264,Anomaly,,2,2021,2021-02-01
1C CANTONMENT RD,CENTRAL AREA,5 ROOM,Type S2,106.0,9528.301886792453,10412.806022101699,-884.5041353092456,-8.494387904968569,-93757.43834278003,-8.494387904968569,Anomaly,Normal,2,2021,2021-02-01
1G CANTONMENT RD,CENTRAL AREA,5 ROOM,Type S2,105.0,9666.666666666666,10337.659980111643,-670.9933134449766,-6.4907659444776025,-70454.29791172255,-6.4907659444776025,Anomaly,Normal,2,2021,2021-02-01
418 CLEMENTI AVE 1,CLEMENTI,2 ROOM,Model A,49.0,6734.693877551021,7535.078936602549,-800.3850590515285,-10.622119101680038,-39218.8678935249,-10.622119101680038,Normal,Anomaly,2,2021,2021-02-01
114 CLEMENTI ST 13,CLEMENTI,5 ROOM,Model A-Maisonette,142.0,5352.112676056338,6109.643479858649,-757.5308038023104,-12.398936309452814,-107569.37413992808,-12.398936309452814,Anomaly,Normal,2,2021,2021-02-01
22 EUNOS CRES,GEYLANG,5 ROOM,Standard,123.0,4024.390243902439,4757.6883988556665,-733.2981549532274,-15.412908401685204,-90195.67305924697,-15.412908401685204,Anomaly,,2,2021,2021-02-01
73 MARINE DR,MARINE PARADE,5 ROOM,Standard,117.0,5598.290598290599,6218.433839537146,-620.1432412465474,-9.972659631813437,-72556.75922584605,-9.972659631813437,Anomaly,,2,2021,2021-02-01
256 KIM KEAT AVE,TOA PAYOH,4 ROOM,Model A,103.0,4883.495145631068,5771.715142255786,-888.2199966247181,-15.38918631174114,-91486.65965234596,-15.38918631174114,Anomaly,,2,2021,2021-02-01
265 BISHAN ST 24,BISHAN,4 ROOM,Model A,112.0,3571.4285714285716,5801.601192971162,-2230.1726215425906,-38.440639874462946,-249779.33361277013,-38.440639874462946,Normal,Anomaly,2,2021,2021-03-01
446 BRIGHT HILL DR,BISHAN,EXECUTIVE,Maisonette,243.0,4497.481481481482,6245.2434472504065,-1747.7619657689247,-27.985489765629744,-424706.1576818487,-27.985489765629744,Normal,Anomaly,2,2021,2021-03-01
672A KLANG LANE,CENTRAL AREA,5 ROOM,Improved,105.0,5285.714285714285,6083.437838316263,-797.7235526019776,-13.113038610792591,-83760.97302320765,-13.113038610792591,Anomaly,Normal,2,2021,2021-03-01
39 UPP BOON KENG RD,KALLANG/WHAMPOA,5 ROOM,Standard,114.0,4535.087719298245,5211.348008282026,-676.2602889837808,-12.976686414130246,-77093.67294415101,-12.976686414130246,Normal,Anomaly,2,2021,2021-03-01
527C PASIR RIS ST 51,PASIR RIS,2 ROOM,2-room,47.0,5851.063829787234,6545.097463260902,-694.0336334736685,-10.603870108419846,-32619.58077326242,-10.603870108419846,Normal,Anomaly,2,2021,2021-03-01
448 BRIGHT HILL DR,BISHAN,4 ROOM,Model A,105.0,5142.857142857143,5844.053397451885,-701.1962545947417,-11.99845735325547,-73625.60673244788,-11.99845735325547,Normal,Anomaly,2,2021,2021-04-01
448 BRIGHT HILL DR,BISHAN,5 ROOM,Improved,123.0,5650.40650406504,6300.942742888221,-650.5362388231806,-10.324427079700591,-80015.95737525122,-10.324427079700591,Normal,Anomaly,2,2021,2021-04-01
454 SIN MING AVE,BISHAN,EXECUTIVE,Maisonette,187.0,5195.72192513369,6166.73476276745,-971.0128376337598,-15.745980247056995,-181579.40063751308,-15.745980247056995,Anomaly,,2,2021,2021-04-01
454 SIN MING AVE,BISHAN,EXECUTIVE,Maisonette,243.0,4119.341563786008,6166.73476276745,-2047.3931989814419,-33.20060417293887,-497516.54735249036,-33.20060417293887,Anomaly,,2,2021,2021-04-01
39 TELOK BLANGAH RISE,BUKIT MERAH,5 ROOM,Standard,119.0,4285.714285714285,5060.569443037352,-774.855157323067,-15.311619888729345,-92207.76372144498,-15.311619888729345,Anomaly,Normal,2,2021,2021-04-01
39 TELOK BLANGAH RISE,BUKIT MERAH,5 ROOM,Standard,119.0,4285.714285714285,5072.769297800459,-787.0550120861735,-15.515292848571663,-93659.54643825465,-15.515292848571663,Anomaly,,2,2021,2021-04-01
1G CANTONMENT RD,CENTRAL AREA,4 ROOM,Type S1,95.0,8736.842105263158,9410.350558959455,-673.5084536962968,-7.157102697466029,-63983.303101148194,-7.157102697466029,Anomaly,,2,2021,2021-04-01
1B CANTONMENT RD,CENTRAL AREA,5 ROOM,Type S2,105.0,8742.857142857143,9424.595270332695,-681.7381274755517,-7.233606408771395,-71582.50338493292,-7.233606408771395,Anomaly,Normal,2,2021,2021-04-01
1G CANTONMENT RD,CENTRAL AREA,5 ROOM,Type S2,105.0,9857.142857142857,10510.490099539691,-653.3472423968342,-6.216144406296027,-68601.46045166759,-6.216144406296027,Anomaly,,2,2021,2021-04-01
1D CANTONMENT RD,CENTRAL AREA,5 ROOM,Type S2,107.0,9813.084112149532,10576.650474016475,-763.5663618669423,-7.219358943011176,-81701.60071976282,-7.219358943011176,Anomaly,Normal,2,2021,2021-04-01
367 CLEMENTI AVE 2,CLEMENTI,3 ROOM,Model A,61.0,6557.377049180328,8117.476670581603,-1560.0996214012748,-19.219021929009088,-95166.07690547776,-19.219021929009088,Normal,Anomaly,2,2021,2021-04-01
48 CIRCUIT RD,GEYLANG,3 ROOM,Standard,60.0,4166.666666666667,4852.544184969307,-685.87751830264,-14.134389964487843,-41152.6510981584,-14.134389964487843,Anomaly,Normal,2,2021,2021-04-01
8 GHIM MOH RD,QUEENSTOWN,5 ROOM,Standard,119.0,5529.411764705882,6141.61018965433,-612.1984249484476,-9.968044308310361,-72851.61256886527,-9.968044308310361,Anomaly,Normal,2,2021,2021-04-01
8 GHIM MOH RD,QUEENSTOWN,5 ROOM,Standard,119.0,5529.411764705882,6141.61018965433,-612.1984249484476,-9.968044308310361,-72851.61256886527,-9.968044308310361,Anomaly,Normal,2,2021,2021-04-01
8 GHIM MOH RD,QUEENSTOWN,5 ROOM,Standard,119.0,5529.411764705882,6473.338008424749,-943.9262437188672,-14.581754304972042,-112327.2230025452,-14.581754304972042,Anomaly,,2,2021,2021-04-01
8 GHIM MOH RD,QUEENSTOWN,5 ROOM,Standard,119.0,5529.411764705882,6141.61018965433,-612.1984249484476,-9.968044308310361,-72851.61256886527,-9.968044308310361,Anomaly,,2,2021,2021-04-01
8 GHIM MOH RD,QUEENSTOWN,5 ROOM,Standard,119.0,5529.411764705882,6141.61018965433,-612.1984249484476,-9.968044308310361,-72851.61256886527,-9.968044308310361,Anomaly,Normal,2,2021,2021-04-01
8 GHIM MOH RD,QUEENSTOWN,5 ROOM,Standard,119.0,5529.411764705882,6361.66675544683,-832.2549907409484,-13.082341825408811,-99038.34389817287,-13.082341825408811,Anomaly,,2,2021,2021-04-01
40 TELOK BLANGAH RISE,BUKIT MERAH,4 ROOM,Improved,82.0,4878.048780487805,5939.687056993952,-1061.6382765061471,-17.873639912662963,-87054.33867350407,-17.873639912662963,Normal,Anomaly,2,2021,2021-05-01
51 TELOK BLANGAH DR,BUKIT MERAH,4 ROOM,New Generation,92.0,5096.608695652174,5975.651442098521,-879.0427464463473,-14.710408646887982,-80871.93267306396,-14.710408646887982,Anomaly,Normal,2,2021,2021-05-01
50 TELOK BLANGAH DR,BUKIT MERAH,4 ROOM,New Generation,98.0,5183.673469387755,5975.651442098521,-791.9779727107662,-13.253416474918096,-77613.84132565508,-13.253416474918096,Anomaly,Normal,2,2021,2021-05-01
67 TELOK BLANGAH DR,BUKIT MERAH,5 ROOM,Standard,120.0,5208.333333333333,6064.9736315955015,-856.6402982621685,-14.124386193527666,-102796.83579146021,-14.124386193527666,Anomaly,,2,2021,2021-05-01
69 REDHILL CL,BUKIT MERAH,4 ROOM,Model A,100.0,6800.0,7404.275123810191,-604.275123810191,-8.161165187757568,-60427.5123810191,-8.161165187757568,Anomaly,Normal,2,2021,2021-05-01
69 REDHILL CL,BUKIT MERAH,4 ROOM,Model A,100.0,6800.0,7404.275123810191,-604.275123810191,-8.161165187757568,-60427.5123810191,-8.161165187757568,Anomaly,Normal,2,2021,2021-05-01
1F CANTONMENT RD,CENTRAL AREA,4 ROOM,Type S1,96.0,9166.666666666666,10328.149212843062,-1161.4825461763958,-11.24579556550259,-111502.324432934,-11.24579556550259,Anomaly,,2,2021,2021-05-01
31 MARINE CRES,MARINE PARADE,5 ROOM,Adjoined flat,153.0,4967.320261437909,6493.849957813672,-1526.5296963757628,-23.50731393999916,-233559.0435454917,-23.50731393999916,Normal,Anomaly,2,2021,2021-05-01
23 GHIM MOH LINK,QUEENSTOWN,5 ROOM,Improved,113.0,7876.1061946902655,8945.088944631098,-1068.982749940832,-11.950498833021026,-120795.05074331402,-11.950498833021026,Normal,Anomaly,2,2021,2021-05-01
39 TELOK BLANGAH RISE,BUKIT MERAH,5 ROOM,Standard,117.0,4102.5641025641025,5117.590931216738,-1015.0268286526352,-19.834075100865995,-118758.13895235832,-19.834075100865995,Anomaly,,2,2021,2021-06-01
39 TELOK BLANGAH RISE,BUKIT MERAH,5 ROOM,Standard,117.0,4102.5641025641025,5129.790785979844,-1027.2266834157417,-20.02472861511701,-120185.52195964177,-20.02472861511701,Normal,Anomaly,2,2021,2021-06-01
1F CANTONMENT RD,CENTRAL AREA,4 ROOM,Type S1,96.0,9739.583333333334,10571.496711025498,-831.9133776921644,-7.869400146759956,-79863.68425844779,-7.869400146759956,Anomaly,Normal,2,2021,2021-06-01
1D CANTONMENT RD,CENTRAL AREA,4 ROOM,Type S1,95.0,9915.78947368421,10530.962375783256,-615.172902099046,-5.841563953487125,-58441.425699409374,-5.841563953487125,Anomaly,,2,2021,2021-06-01
1A CANTONMENT RD,CENTRAL AREA,4 ROOM,Type S1,96.0,9947.916666666666,10613.808204783343,-665.8915381166771,-6.273822979169519,-63925.587659201,-6.273822979169519,Anomaly,Normal,2,2021,2021-06-01
366 CLEMENTI AVE 2,CLEMENTI,3 ROOM,Model A,61.0,6721.311475409836,8002.939208476881,-1281.6277330670446,-16.0144629326875,-78179.29171708971,-16.0144629326875,Normal,Anomaly,2,2021,2021-06-01
168A QUEENSWAY,QUEENSTOWN,4 ROOM,Improved,84.0,5297.619047619048,6074.04444317939,-776.4253955603426,-12.782675576768277,-65219.73322706878,-12.782675576768277,Normal,Anomaly,2,2021,2021-06-01
291 BISHAN ST 24,BISHAN,4 ROOM,Premium Apartment,101.0,5445.544554455446,6928.976894611576,-1483.4323401561305,-21.40911079252904,-149826.66635576918,-21.40911079252904,Normal,Anomaly,2,2021,2021-07-01
448 BRIGHT HILL DR,BISHAN,4 ROOM,Model A,105.0,5285.714285714285,6170.598903920452,-884.884618206167,-14.340336035193618,-92912.88491164753,-14.340336035193618,Normal,Anomaly,2,2021,2021-07-01
39 TELOK BLANGAH RISE,BUKIT MERAH,5 ROOM,Standard,114.0,5157.894736842105,5964.126066752294,-806.2313299101888,-13.518012880455663,-91910.37160976153,-13.518012880455663,Anomaly,,2,2021,2021-07-01
39 TELOK BLANGAH RISE,BUKIT MERAH,5 ROOM,Standard,114.0,5157.894736842105,5951.985399673823,-794.090662831718,-13.341609723626593,-90526.33556281585,-13.341609723626593,Normal,Anomaly,2,2021,2021-07-01
611 CLEMENTI WEST ST 1,CLEMENTI,4 ROOM,Model A,104.0,4307.692307692308,4909.72554700949,-602.033239317182,-12.26205484507948,-62611.45688898693,-12.26205484507948,Normal,Anomaly,2,2021,2021-07-01
60 CIRCUIT RD,GEYLANG,3 ROOM,Standard,56.0,4017.8571428571427,4852.005193768886,-834.1480509117432,-17.191821063649833,-46712.29085105762,-17.191821063649833,Anomaly,Normal,2,2021,2021-07-01
286A COMPASSVALE CRES,SENGKANG,5 ROOM,Premium Apartment,113.0,5132.743362831859,5770.046376929857,-637.3030140979981,-11.045024120535686,-72015.24059307379,-11.045024120535686,Anomaly,Anomaly,3,2021,2021-07-01
446 BRIGHT HILL DR,BISHAN,EXECUTIVE,Maisonette,199.0,5175.879396984925,6259.210736009298,-1083.331339024373,-17.307794620046224,-215582.93646585022,-17.307794620046224,Anomaly,,2,2021,2021-08-01
11 TOH YI DR,BUKIT TIMAH,4 ROOM,Model A,108.0,6509.259259259259,7130.61112996771,-621.3518707084513,-8.713865605391174,-67106.00203651274,-8.713865605391174,Anomaly,Normal,2,2021,2021-08-01
633 VEERASAMY RD,CENTRAL AREA,3 ROOM,Model A,73.0,5753.424657534247,6380.247962003222,-626.823304468975,-9.824434852719577,-45758.10122623518,-9.824434852719577,Anomaly,,2,2021,2021-08-01
1A CANTONMENT RD,CENTRAL AREA,4 ROOM,Type S1,97.0,8845.360824742267,9914.12530615301,-1068.7644814107425,-10.780219620054979,-103670.15469684203,-10.780219620054979,Anomaly,,2,2021,2021-08-01
1G CANTONMENT RD,CENTRAL AREA,4 ROOM,Type S1,97.0,9793.814432989691,10399.500876569537,-605.6864435798452,-5.824187629470559,-58751.58502724499,-5.824187629470559,Anomaly,,2,2021,2021-08-01
4B ST. GEORGE'S LANE,KALLANG/WHAMPOA,4 ROOM,Model A,105.0,5428.571428571428,6118.928337303607,-690.3569087321785,-11.282317273164766,-72487.47541687873,-11.282317273164766,Normal,Anomaly,2,2021,2021-08-01
8 LOR 7 TOA PAYOH,TOA PAYOH,3 ROOM,Improved,66.0,4090.909090909091,4758.194833487724,-667.2857425786333,-14.023926424414979,-44040.8590101898,-14.023926424414979,Normal,Anomaly,2,2021,2021-08-01
265 BISHAN ST 24,BISHAN,5 ROOM,Model A,134.0,5820.895522388059,6662.489050021407,-841.5935276333475,-12.631818548814627,-112773.53270286857,-12.631818548814627,Normal,Anomaly,2,2021,2021-09-01
451 SIN MING AVE,BISHAN,EXECUTIVE,Maisonette,170.0,5900.0,6629.237758514204,-729.237758514204,-11.000325905909978,-123970.41894741467,-11.000325905909978,Normal,Anomaly,2,2021,2021-09-01
443 SIN MING AVE,BISHAN,EXECUTIVE,Maisonette,199.0,5527.638190954774,6542.946137339925,-1015.3079463851518,-15.517595973943497,-202046.2813306452,-15.517595973943497,Normal,Anomaly,2,2021,2021-09-01
95A HENDERSON RD,BUKIT MERAH,2 ROOM,Model A,47.0,9255.31914893617,9871.013653172708,-615.6945042365369,-6.237398973089683,-28937.641699117234,-6.237398973089683,Anomaly,Anomaly,3,2021,2021-09-01
52 TELOK BLANGAH DR,BUKIT MERAH,5 ROOM,Standard,118.0,5338.983050847458,6052.132177810269,-713.1491269628114,-11.783436085178774,-84151.59698161174,-11.783436085178774,Anomaly,,2,2021,2021-09-01
8B BOON TIONG RD,BUKIT MERAH,5 ROOM,Improved,115.0,8069.565217391304,8837.270304698524,-767.7050873072203,-8.687129179460012,-88286.08504033033,-8.687129179460012,Anomaly,Normal,2,2021,2021-09-01
1A CANTONMENT RD,CENTRAL AREA,4 ROOM,Type S1,97.0,9175.257731958764,10401.113934060726,-1225.8562021019625,-11.785816498823532,-118908.05160389036,-11.785816498823532,Anomaly,Normal,2,2021,2021-09-01
58 CIRCUIT RD,GEYLANG,3 ROOM,Standard,55.0,4000.0,4800.906356755584,-800.906356755584,-16.68239905634882,-44049.84962155712,-16.68239905634882,Anomaly,,2,2021,2021-09-01
61 CIRCUIT RD,GEYLANG,4 ROOM,Adjoined flat,122.0,4508.196721311476,5372.509519756583,-864.3127984451075,-16.08769226497839,-105446.16141030312,-16.08769226497839,Normal,Anomaly,2,2021,2021-09-01
446 BRIGHT HILL DR,BISHAN,4 ROOM,New Generation,94.0,5159.574468085107,6420.397467284392,-1260.8229991992857,-19.637771736468064,-118517.36192473286,-19.637771736468064,Normal,Anomaly,2,2021,2021-10-01
445 SIN MING AVE,BISHAN,EXECUTIVE,Maisonette,190.0,5447.368421052632,6374.014388344242,-926.6459672916108,-14.537870654733847,-176062.73378540605,-14.537870654733847,Normal,Anomaly,2,2021,2021-10-01
37 TELOK BLANGAH RISE,BUKIT MERAH,5 ROOM,Standard,117.0,4487.179487179487,5754.383046411559,-1267.2035592320717,-22.02153643599207,-148262.8164301524,-22.02153643599207,Anomaly,Normal,2,2021,2021-10-01
37 TELOK BLANGAH RISE,BUKIT MERAH,5 ROOM,Standard,117.0,4487.179487179487,5751.028685772306,-1263.8491985928185,-21.97605450516191,-147870.35623535977,-21.97605450516191,Normal,Anomaly,2,2021,2021-10-01
4 SAGO LANE,CENTRAL AREA,3 ROOM,Improved,137.0,4233.576642335766,4921.320683491999,-687.7440411562329,-13.974786147612587,-94220.9336384039,-13.974786147612587,Anomaly,Normal,2,2021,2021-10-01
4 SAGO LANE,CENTRAL AREA,3 ROOM,Improved,137.0,4233.576642335766,4921.320683491999,-687.7440411562329,-13.974786147612587,-94220.9336384039,-13.974786147612587,Anomaly,,2,2021,2021-10-01
1D CANTONMENT RD,CENTRAL AREA,4 ROOM,Type S1,93.0,9784.946236559139,10480.72311451654,-695.7768779574017,-6.63863428462967,-64707.24965003836,-6.63863428462967,Anomaly,,2,2021,2021-10-01
1G CANTONMENT RD,CENTRAL AREA,4 ROOM,Type S1,95.0,9842.105263157895,10498.657568131446,-656.5523049735511,-6.25367863189012,-62372.46897248736,-6.25367863189012,Anomaly,,2,2021,2021-10-01
38 CIRCUIT RD,GEYLANG,3 ROOM,Standard,60.0,4166.666666666667,4880.655830533101,-713.989163866434,-14.628959481218876,-42839.34983198604,-14.628959481218876,Anomaly,,2,2021,2021-10-01
93 PAYA LEBAR WAY,GEYLANG,3 ROOM,Improved,58.0,4327.586206896552,4968.755389913848,-641.1691830172967,-12.904019874248906,-37187.81261500321,-12.904019874248906,Anomaly,Anomaly,3,2021,2021-10-01
449 SIN MING AVE,BISHAN,EXECUTIVE,Maisonette,199.0,4924.62311557789,6110.131124316516,-1185.5080087386268,-19.40233334798095,-235916.09373898673,-19.40233334798095,Normal,Anomaly,2,2021,2021-11-01
30 KELANTAN RD,CENTRAL AREA,3 ROOM,Improved,76.0,5866.9473684210525,6496.043488623771,-629.0961202027183,-9.68429662308182,-47811.3051354066,-9.68429662308182,Anomaly,,2,2021,2021-11-01
672B KLANG LANE,CENTRAL AREA,5 ROOM,Improved,105.0,5619.047619047619,6254.274292958106,-635.2266739104871,-10.15668076191845,-66698.80076060114,-10.15668076191845,Anomaly,,2,2021,2021-11-01
1F CANTONMENT RD,CENTRAL AREA,4 ROOM,Type S1,93.0,9462.36559139785,10574.811629358079,-1112.4460379602297,-10.51977167018112,-103457.48153030136,-10.51977167018112,Anomaly,,2,2021,2021-11-01
1D CANTONMENT RD,CENTRAL AREA,4 ROOM,Type S1,95.0,9842.105263157895,10503.03720457964,-660.9319414217443,-6.292769686977384,-62788.53443506571,-6.292769686977384,Anomaly,,2,2021,2021-11-01
93 PAYA LEBAR WAY,GEYLANG,3 ROOM,Improved,58.0,4137.931034482759,4982.158718671168,-844.2276841884086,-16.945017849884547,-48965.2056829277,-16.945017849884547,Normal,Anomaly,2,2021,2021-11-01
15 EUNOS CRES,GEYLANG,5 ROOM,Standard,117.0,4700.854700854701,5334.323647835395,-633.4689469806935,-11.875337696049765,-74115.86679674115,-11.875337696049765,Anomaly,Normal,2,2021,2021-11-01
446 BRIGHT HILL DR,BISHAN,EXECUTIVE,Maisonette,187.0,5347.593582887701,6442.323156518116,-1094.729573630415,-16.99277647261153,-204714.4302688876,-16.99277647261153,Normal,Anomaly,2,2021,2021-12-01
1E CANTONMENT RD,CENTRAL AREA,5 ROOM,Type S2,105.0,9333.333333333334,10389.720156816751,-1056.3868234834172,-10.167615754215634,-110920.61646575881,-10.167615754215634,Anomaly,Normal,2,2021,2021-12-01
1D CANTONMENT RD,CENTRAL AREA,4 ROOM,Type S1,96.0,10708.333333333334,11349.807149861259,-641.473816527925,-5.651847719155003,-61581.4863866808,-5.651847719155003,Anomaly,Normal,2,2021,2021-12-01
1G CANTONMENT RD,CENTRAL AREA,5 ROOM,Type S2,107.0,10757.009345794393,11621.11421287423,-864.1048670798373,-7.435645595174989,-92459.22077754259,-7.435645595174989,Anomaly,Normal,2,2021,2021-12-01
457 ANG MO KIO AVE 10,ANG MO KIO,5 ROOM,Adjoined flat,150.0,4666.666666666667,5710.676010100688,-1044.0093434340206,-18.281712035272918,-156601.4015151031,-18.281712035272918,Normal,Anomaly,2,2022,2022-04-01
314 ANG MO KIO AVE 3,ANG MO KIO,2 ROOM,Improved,44.0,5522.727272727273,6135.283010882467,-612.5557381551944,-9.984148034714499,-26952.452478828553,-9.984148034714499,Anomaly,,2,2022,2022-05-01
536 ANG MO KIO AVE 10,ANG MO KIO,3 ROOM,New Generation,68.0,4705.882352941177,5346.219402527014,-640.3370495858371,-11.977380675457635,-43542.91937183692,-11.977380675457635,Normal,Anomaly,2,2022,2022-05-01
446 BRIGHT HILL DR,BISHAN,EXECUTIVE,Maisonette,199.0,5467.336683417086,6398.682788402983,-931.346104985897,-14.555278575051029,-185337.8748921935,-14.555278575051029,Normal,Anomaly,2,2022,2022-03-01
448 BRIGHT HILL DR,BISHAN,4 ROOM,New Generation,95.0,5473.684210526316,6214.3981449595685,-740.7139344332527,-11.919318929284211,-70367.823771159,-11.919318929284211,Normal,Anomaly,2,2022,2022-04-01
22 TIONG BAHRU RD,BUKIT MERAH,3 ROOM,Standard,88.0,7022.727272727273,8355.79154653144,-1333.064273804167,-15.953776089083185,-117309.65609476669,-15.953776089083185,Anomaly,Normal,2,2022,2022-02-01
67 TELOK BLANGAH DR,BUKIT MERAH,5 ROOM,Standard,115.0,5703.373913043478,6310.311746721434,-606.9378336779564,-9.618190955356447,-69797.85087296499,-9.618190955356447,Anomaly,,2,2022,2022-02-01
16 TAMAN HO SWEE,BUKIT MERAH,3 ROOM,Standard,54.0,4259.259259259259,5304.831067499683,-1045.5718082404237,-19.70980404345338,-56460.87764498288,-19.70980404345338,Anomaly,Normal,2,2022,2022-03-01
16 TAMAN HO SWEE,BUKIT MERAH,3 ROOM,Standard,54.0,4259.259259259259,5301.028858394594,-1041.7695991353348,-19.652215201311556,-56255.55835330808,-19.652215201311556,Anomaly,,2,2022,2022-03-01
10A BOON TIONG RD,BUKIT MERAH,3 ROOM,Model A,62.0,9175.612903225807,9818.735386659786,-643.1224834339791,-6.549952291287499,-39873.5939729067,-6.549952291287499,Anomaly,Anomaly,3,2022,2022-03-01
37 TELOK BLANGAH RISE,BUKIT MERAH,5 ROOM,Standard,114.0,5000.0,5941.0124118869,-941.0124118868998,-15.839260157142625,-107275.41495510658,-15.839260157142625,Anomaly,,2,2022,2022-04-01
66 TELOK BLANGAH DR,BUKIT MERAH,5 ROOM,Standard,120.0,4316.666666666667,5718.980742013432,-1402.314075346765,-24.520349667291665,-168277.6890416118,-24.520349667291665,Anomaly,Normal,2,2022,2022-10-01
67 TELOK BLANGAH DR,BUKIT MERAH,5 ROOM,Standard,118.0,5762.71186440678,6423.997234615559,-661.2853702087796,-10.29398591029054,-78031.67368463599,-10.29398591029054,Anomaly,Normal,2,2022,2022-10-01
7 KIM TIAN PL,BUKIT MERAH,5 ROOM,Model A,131.0,7022.900763358779,8363.116061120354,-1340.2152977615751,-16.025310278690966,-175568.20400676635,-16.025310278690966,Normal,Anomaly,2,2022,2022-10-01
1A CANTONMENT RD,CENTRAL AREA,4 ROOM,Type S1,93.0,10268.817204301075,11030.812927950146,-761.9957236490718,-6.907883658495452,-70865.60229936367,-6.907883658495452,Anomaly,,2,2022,2022-01-01
9 SELEGIE RD,CENTRAL AREA,4 ROOM,Standard,84.0,5714.285714285715,6373.412638259019,-659.1269239733047,-10.3418209581571,-55366.66161375759,-10.3418209581571,Anomaly,Normal,2,2022,2022-02-01
1C CANTONMENT RD,CENTRAL AREA,5 ROOM,Type S2,105.0,10761.904761904761,11539.444910778553,-777.5401488737916,-6.738107031019501,-81641.71563174811,-6.738107031019501,Anomaly,Normal,2,2022,2022-02-01
1G CANTONMENT RD,CENTRAL AREA,4 ROOM,Type S1,93.0,10623.655913978495,11535.083934203341,-911.4280202248465,-7.9013557718667204,-84762.80588091072,-7.9013557718667204,Anomaly,Normal,2,2022,2022-03-01
1B CANTONMENT RD,CENTRAL AREA,4 ROOM,Type S1,95.0,10084.21052631579,11264.533861496944,-1180.323335181154,-10.478226171573699,-112130.71684220964,-10.478226171573699,Anomaly,,2,2022,2022-04-01
1G CANTONMENT RD,CENTRAL AREA,4 ROOM,Type S1,93.0,10161.290322580646,10782.214928072104,-620.9246054914584,-5.758785274024228,-57745.98831070562,-5.758785274024228,Anomaly,Normal,2,2022,2022-05-01
1G CANTONMENT RD,CENTRAL AREA,4 ROOM,Type S1,95.0,10210.526315789473,11030.417799196239,-819.8914834067655,-7.433004790321805,-77889.69092364272,-7.433004790321805,Anomaly,Normal,2,2022,2022-05-01
1E CANTONMENT RD,CENTRAL AREA,5 ROOM,Type S2,106.0,11207.547169811322,11987.441366636749,-779.8941968254276,-6.505927102976424,-82668.78486349533,-6.505927102976424,Anomaly,Normal,2,2022,2022-07-01
4 SAGO LANE,CENTRAL AREA,3 ROOM,Improved,137.0,4306.569343065694,5734.907070138679,-1428.3377270729852,-24.906030901708156,-195682.26860899897,-24.906030901708156,Anomaly,Normal,2,2022,2022-08-01
4 SAGO LANE,CENTRAL AREA,3 ROOM,Improved,137.0,4306.569343065694,5734.907070138679,-1428.3377270729852,-24.906030901708156,-195682.26860899897,-24.906030901708156,Anomaly,Normal,2,2022,2022-08-01
1C CANTONMENT RD,CENTRAL AREA,5 ROOM,Type S2,106.0,10849.056603773584,11689.989034623155,-840.9324308495707,-7.193611802020645,-89138.83767005449,-7.193611802020645,Anomaly,Normal,2,2022,2022-08-01
1G CANTONMENT RD,CENTRAL AREA,5 ROOM,Type S2,107.0,10841.121495327103,11687.151906526591,-846.0304111994883,-7.238978477956034,-90525.25399834524,-7.238978477956034,Anomaly,Normal,2,2022,2022-08-01
1A CANTONMENT RD,CENTRAL AREA,4 ROOM,Type S1,93.0,11075.268817204302,12318.155169065,-1242.8863518606977,-10.089874131330967,-115588.43072304489,-10.089874131330967,Anomaly,,2,2022,2022-10-01
1E CANTONMENT RD,CENTRAL AREA,4 ROOM,Type S1,93.0,10537.63440860215,11452.965324322562,-915.3309157204112,-7.992086676247339,-85125.77516199824,-7.992086676247339,Anomaly,Normal,2,2022,2022-12-01
476D CHOA CHU KANG AVE 5,CHOA CHU KANG,3 ROOM,Model A,67.0,4925.373134328358,5679.044845874857,-753.671711546499,-13.271099841621266,-50496.00467361543,-13.271099841621266,Normal,Anomaly,2,2022,2022-01-01
35 CIRCUIT RD,GEYLANG,3 ROOM,Standard,72.0,4166.666666666667,4866.340403756886,-699.6737370902192,-14.377821505253946,-50376.509070495784,-14.377821505253946,Anomaly,,2,2022,2022-01-01
49 CIRCUIT RD,GEYLANG,3 ROOM,Standard,56.0,4285.714285714285,4892.564201236762,-606.8499155224763,-12.403514610376996,-33983.59526925867,-12.403514610376996,Anomaly,Normal,2,2022,2022-02-01
9 PINE CL,GEYLANG,4 ROOM,Model A,102.0,6862.745098039216,7643.897907604463,-781.1528095652475,-10.219299354955076,-79677.58657565524,-10.219299354955076,Anomaly,Normal,2,2022,2022-04-01
93 PAYA LEBAR WAY,GEYLANG,3 ROOM,Improved,67.0,4328.358208955224,5154.844427154181,-826.4862181989574,-16.033194209417356,-55374.576619330146,-16.033194209417356,Normal,Anomaly,2,2022,2022-05-01
34 EUNOS CRES,GEYLANG,5 ROOM,Improved,110.0,8345.454545454546,9121.642125008733,-776.1875795541873,-8.509296559948565,-85380.63375096061,-8.509296559948565,Anomaly,Normal,2,2022,2022-05-01
109 ALJUNIED CRES,GEYLANG,2 ROOM,Improved,45.0,5288.888888888889,6452.9344814080505,-1164.0455925191618,-18.039011489624848,-52382.05166336228,-18.039011489624848,Normal,Anomaly,2,2022,2022-06-01
14 EUNOS CRES,GEYLANG,5 ROOM,Standard,117.0,4957.264957264957,6073.399231620155,-1116.1342743551977,-18.377423116600472,-130587.71009955813,-18.377423116600472,Anomaly,Normal,2,2022,2022-10-01
22 EUNOS CRES,GEYLANG,5 ROOM,Standard,123.0,5325.20325203252,6076.419961701053,-751.2167096685325,-12.362817487984067,-92399.6552892295,-12.362817487984067,Anomaly,Normal,2,2022,2022-10-01
1 PINE CL,GEYLANG,5 ROOM,Improved,113.0,8316.814159292035,9021.188815290072,-704.3746559980373,-7.8080025861357445,-79594.33612777821,-7.8080025861357445,Anomaly,,2,2022,2022-10-01
48 BENDEMEER RD,KALLANG/WHAMPOA,EXECUTIVE,Apartment,146.0,6404.109589041096,7091.108864540733,-686.9992754996365,-9.688178374118518,-100301.89422294692,-9.688178374118518,Normal,Anomaly,2,2022,2022-04-01
4B ST. GEORGE'S LANE,KALLANG/WHAMPOA,4 ROOM,Model A,104.0,6509.615384615385,7338.133717170535,-828.5183325551507,-11.290586469097674,-86165.90658573568,-11.290586469097674,Normal,Anomaly,2,2022,2022-06-01
46 BENDEMEER RD,KALLANG/WHAMPOA,EXECUTIVE,Apartment,147.0,6496.598639455782,7208.7142509121295,-712.1156114563473,-9.878538483700366,-104680.99488408306,-9.878538483700366,Normal,Anomaly,2,2022,2022-09-01
71 MARINE DR,MARINE PARADE,5 ROOM,Standard,128.0,5976.5625,6630.356530470623,-653.7940304706226,-9.860616506307487,-83685.6359002397,-9.860616506307487,Anomaly,Normal,2,2022,2022-05-01
1 GHIM MOH RD,QUEENSTOWN,3 ROOM,Improved,65.0,4461.538461538462,5337.187293312102,-875.6488317736403,-16.40655992850193,-56917.174065286614,-16.40655992850193,Anomaly,Normal,2,2022,2022-01-01
1 GHIM MOH RD,QUEENSTOWN,3 ROOM,Improved,65.0,4461.538461538462,5337.187293312102,-875.6488317736403,-16.40655992850193,-56917.174065286614,-16.40655992850193,Anomaly,,2,2022,2022-01-01
1 GHIM MOH RD,QUEENSTOWN,3 ROOM,Improved,65.0,4461.538461538462,5340.552784649756,-879.0143231112943,-16.45923855743599,-57135.93100223413,-16.45923855743599,Normal,Anomaly,2,2022,2022-01-01
1 GHIM MOH RD,QUEENSTOWN,3 ROOM,Improved,65.0,4461.538461538462,5340.552784649756,-879.0143231112943,-16.45923855743599,-57135.93100223413,-16.45923855743599,Normal,Anomaly,2,2022,2022-01-01
1 GHIM MOH RD,QUEENSTOWN,3 ROOM,Improved,65.0,4461.538461538462,5323.502570776277,-861.9641092378151,-16.191672639919904,-56027.667100457984,-16.191672639919904,Anomaly,,2,2022,2022-01-01
1 GHIM MOH RD,QUEENSTOWN,3 ROOM,Improved,65.0,4461.538461538462,5344.466328645542,-882.9278671070797,-16.52041219484756,-57390.31136196018,-16.52041219484756,Normal,Anomaly,2,2022,2022-01-01
1 GHIM MOH RD,QUEENSTOWN,3 ROOM,Improved,65.0,4461.538461538462,5340.552784649756,-879.0143231112943,-16.45923855743599,-57135.93100223413,-16.45923855743599,Normal,Anomaly,2,2022,2022-01-01
1 GHIM MOH RD,QUEENSTOWN,3 ROOM,Improved,65.0,4461.538461538462,5337.187293312102,-875.6488317736403,-16.40655992850193,-56917.174065286614,-16.40655992850193,Anomaly,,2,2022,2022-01-01
1 GHIM MOH RD,QUEENSTOWN,3 ROOM,Improved,65.0,4461.538461538462,5337.187293312102,-875.6488317736403,-16.40655992850193,-56917.174065286614,-16.40655992850193,Anomaly,,2,2022,2022-01-01
1 GHIM MOH RD,QUEENSTOWN,3 ROOM,Improved,65.0,4461.538461538462,5345.155371692378,-883.6169101539163,-16.531173533953726,-57435.09916000455,-16.531173533953726,Anomaly,Normal,2,2022,2022-01-01
1 GHIM MOH RD,QUEENSTOWN,3 ROOM,Improved,65.0,4461.538461538462,5318.028604422254,-856.490142883792,-16.105406845152544,-55671.85928744648,-16.105406845152544,Anomaly,Normal,2,2022,2022-01-01
4 GHIM MOH RD,QUEENSTOWN,3 ROOM,Improved,76.0,5592.105263157895,6208.817079420052,-616.7118162621573,-9.932839192610947,-46870.098035923955,-9.932839192610947,Anomaly,Normal,2,2022,2022-01-01
4 GHIM MOH RD,QUEENSTOWN,3 ROOM,Improved,76.0,5592.105263157895,6208.817079420052,-616.7118162621573,-9.932839192610947,-46870.098035923955,-9.932839192610947,Anomaly,,2,2022,2022-01-01
4 GHIM MOH RD,QUEENSTOWN,3 ROOM,Improved,76.0,5592.105263157895,6208.817079420052,-616.7118162621573,-9.932839192610947,-46870.098035923955,-9.932839192610947,Anomaly,Normal,2,2022,2022-01-01
4 GHIM MOH RD,QUEENSTOWN,3 ROOM,Improved,76.0,5592.105263157895,6208.817079420052,-616.7118162621573,-9.932839192610947,-46870.098035923955,-9.932839192610947,Anomaly,,2,2022,2022-01-01
4 GHIM MOH RD,QUEENSTOWN,3 ROOM,Improved,76.0,5592.105263157895,6265.612814504832,-673.5075513469374,-10.74926860765756,-51186.573902367236,-10.74926860765756,Anomaly,Normal,2,2022,2022-01-01
168A QUEENSWAY,QUEENSTOWN,4 ROOM,Improved,84.0,4940.476190476191,5917.221608362056,-976.7454178858652,-16.506825036019528,-82046.61510241267,-16.506825036019528,Normal,Anomaly,2,2022,2022-10-01
311 ANG MO KIO AVE 3,ANG MO KIO,5 ROOM,Improved,123.0,4878.048780487805,5506.409432700324,-628.3606522125192,-11.41144079263233,-77288.36022213986,-11.41144079263233,Normal,Anomaly,2,2023,2023-04-01
588D ANG MO KIO ST 52,ANG MO KIO,5 ROOM,DBSS,112.0,7616.071428571428,8692.200459348476,-1076.1290307770478,-12.380398218033147,-120526.45144702935,-12.380398218033147,Anomaly,Normal,2,2023,2023-04-01
622 ANG MO KIO AVE 9,ANG MO KIO,4 ROOM,New Generation,100.0,4150.0,5330.810866929699,-1180.810866929699,-22.150680194921105,-118081.0866929699,-22.150680194921105,Anomaly,Anomaly,3,2023,2023-07-01
650 ANG MO KIO ST 61,ANG MO KIO,3 ROOM,Model A,67.0,8358.208955223881,8985.110288356258,-626.9013331323767,-6.977113391081842,-42002.38931986924,-6.977113391081842,Anomaly,,2,2023,2023-09-01
455A ANG MO KIO ST 44,ANG MO KIO,5 ROOM,Improved,113.0,7964.601769911505,8833.033482534205,-868.4317126227006,-9.831636145610384,-98132.78352636517,-9.831636145610384,Anomaly,,2,2023,2023-09-01
315A ANG MO KIO ST 31,ANG MO KIO,5 ROOM,Improved,110.0,7772.727272727273,8511.34768502828,-738.6204123010075,-8.678066501739359,-81248.24535311082,-8.678066501739359,Anomaly,Normal,2,2023,2023-10-01
588D ANG MO KIO ST 52,ANG MO KIO,5 ROOM,DBSS,117.0,9316.239316239316,10112.231482770096,-795.9921665307793,-7.871577780700973,-93131.08348410118,-7.871577780700973,Anomaly,Normal,2,2023,2023-10-01
401 SIN MING AVE,BISHAN,EXECUTIVE,Maisonette,149.0,6771.060402684564,7382.125191402024,-611.06478871746,-8.277627009484592,-91048.65351890154,-8.277627009484592,Anomaly,,2,2023,2023-09-01
451 SIN MING AVE,BISHAN,EXECUTIVE,Maisonette,182.0,7076.923076923077,7766.335760120057,-689.4126831969797,-8.87693636344049,-125473.10834185031,-8.87693636344049,Anomaly,,2,2023,2023-10-01
39 TELOK BLANGAH RISE,BUKIT MERAH,5 ROOM,Standard,117.0,5555.555555555556,6253.979432779905,-698.4238772243498,-11.167671475918159,-81715.59363524892,-11.167671475918159,Anomaly,,2,2023,2023-01-01
39 TELOK BLANGAH RISE,BUKIT MERAH,5 ROOM,Standard,117.0,5555.555555555556,6260.673219673551,-705.1176641179954,-11.26264922919523,-82498.76670180546,-11.26264922919523,Normal,Anomaly,2,2023,2023-01-01
57 HAVELOCK RD,BUKIT MERAH,3 ROOM,Model A,69.0,8840.579710144928,9653.112656859417,-812.5329467144893,-8.417315487736596,-56064.77332329976,-8.417315487736596,Anomaly,Normal,2,2023,2023-02-01
37 JLN RUMAH TINGGI,BUKIT MERAH,3 ROOM,Standard,53.0,4811.320754716981,5418.7540287816455,-607.4332740646641,-11.209832940160963,-32193.9635254272,-11.209832940160963,Anomaly,Normal,2,2023,2023-03-01
80A TELOK BLANGAH ST 31,BUKIT MERAH,4 ROOM,Premium Apartment,95.0,10000.0,10677.189836293624,-677.1898362936245,-6.3423976409198835,-64333.03444789432,-6.3423976409198835,Normal,Anomaly,2,2023,2023-06-01
80A TELOK BLANGAH ST 31,BUKIT MERAH,4 ROOM,Premium Apartment,95.0,9473.684210526315,10204.981100767372,-731.2968902410576,-7.166077849826366,-69473.20457290046,-7.166077849826366,Normal,Anomaly,2,2023,2023-07-01
20 TIONG BAHRU RD,BUKIT MERAH,3 ROOM,Standard,88.0,7294.181818181818,8039.997018969981,-745.8152007881627,-9.276311906937877,-65631.73766935832,-9.276311906937877,Anomaly,Normal,2,2023,2023-10-01
1G CANTONMENT RD,CENTRAL AREA,4 ROOM,Type S1,95.0,10315.78947368421,11420.542530701585,-1104.7530570173749,-9.673385078226296,-104951.54041665062,-9.673385078226296,Anomaly,Normal,2,2023,2023-01-01
1E CANTONMENT RD,CENTRAL AREA,4 ROOM,Type S1,93.0,11096.774193548386,12209.320739641154,-1112.546546092768,-9.112272253447795,-103466.82878662743,-9.112272253447795,Anomaly,,2,2023,2023-02-01
1F CANTONMENT RD,CENTRAL AREA,4 ROOM,Type S1,95.0,10526.315789473685,12174.981286086992,-1648.6654966133065,-13.541421197068496,-156623.2221782641,-13.541421197068496,Anomaly,Normal,2,2023,2023-04-01
1B CANTONMENT RD,CENTRAL AREA,4 ROOM,Type S1,96.0,10687.5,11375.398206589289,-687.8982065892887,-6.047245064272285,-66038.22783257172,-6.047245064272285,Anomaly,,2,2023,2023-06-01
29 KELANTAN RD,CENTRAL AREA,3 ROOM,Improved,74.0,5405.405405405405,6766.136752583652,-1360.7313471782472,-20.110905187641254,-100694.1196911903,-20.110905187641254,Anomaly,Normal,2,2023,2023-08-01
1C CANTONMENT RD,CENTRAL AREA,4 ROOM,Type S1,93.0,11612.90322580645,13158.644522324206,-1545.7412965177555,-11.746964468075257,-143753.94057615125,-11.746964468075257,Anomaly,Normal,2,2023,2023-11-01
1C CANTONMENT RD,CENTRAL AREA,4 ROOM,Type S1,93.0,12451.612903225807,13177.602108920144,-725.9892056943372,-5.509266402898162,-67516.99612957337,-5.509266402898162,Anomaly,Normal,2,2023,2023-12-01
461 CLEMENTI AVE 3,CLEMENTI,5 ROOM,Improved,110.0,8181.818181818182,9041.713100155872,-859.8949183376899,-9.510309703620944,-94588.44101714589,-9.510309703620944,Normal,Anomaly,2,2023,2023-10-01
59 CIRCUIT RD,GEYLANG,3 ROOM,Standard,60.0,4166.666666666667,5033.127674336996,-866.4610076703293,-17.215160507218137,-51987.66046021976,-17.215160507218137,Anomaly,Normal,2,2023,2023-03-01
51 CIRCUIT RD,GEYLANG,2 ROOM,Standard,42.0,5166.666666666667,6677.534296043422,-1510.8676293767548,-22.626130580444574,-63456.44043382371,-22.626130580444574,Anomaly,Normal,2,2023,2023-05-01
49 CIRCUIT RD,GEYLANG,4 ROOM,Adjoined flat,112.0,5535.714285714285,6165.760338783917,-630.0460530696319,-10.218464851877405,-70565.15794379877,-10.218464851877405,Normal,Anomaly,2,2023,2023-05-01
14 EUNOS CRES,GEYLANG,5 ROOM,Standard,117.0,5470.08547008547,6224.957662570826,-754.8721924853562,-12.126543398426968,-88320.04652078668,-12.126543398426968,Anomaly,,2,2023,2023-05-01
2B GEYLANG SERAI,GEYLANG,4 ROOM,Model A,95.0,8431.578947368422,9048.774007343953,-617.195059975531,-6.820758916894351,-58633.530697675444,-6.820758916894351,Anomaly,,2,2023,2023-06-01
2B GEYLANG SERAI,GEYLANG,4 ROOM,Model A,95.0,8431.578947368422,9070.38645806113,-638.8075106927081,-7.042781623984504,-60686.71351580727,-7.042781623984504,Anomaly,,2,2023,2023-06-01
22 EUNOS CRES,GEYLANG,5 ROOM,Standard,123.0,4796.747967479675,5552.570286704834,-755.8223192251589,-13.612116194817242,-92966.14526469455,-13.612116194817242,Anomaly,Normal,2,2023,2023-07-01
70 CIRCUIT RD,GEYLANG,2 ROOM,Standard,42.0,5833.333333333333,6476.159962129396,-642.8266287960632,-9.926046184083113,-26998.718409434656,-9.926046184083113,Anomaly,Normal,2,2023,2023-09-01
22 EUNOS CRES,GEYLANG,5 ROOM,Standard,123.0,4780.487804878048,5898.373867826248,-1117.8860629481997,-18.95244499583033,-137499.98574262855,-18.95244499583033,Anomaly,,2,2023,2023-10-01
3 JOO CHIAT RD,GEYLANG,3 ROOM,Model A,74.0,5405.405405405405,6306.118323558779,-900.7129181533737,-14.28315917873656,-66652.75594334965,-14.28315917873656,Normal,Anomaly,2,2023,2023-11-01
22 EUNOS CRES,GEYLANG,5 ROOM,Standard,123.0,4560.065040650406,5358.151796069841,-798.0867554194347,-14.894814215693264,-98164.67091659046,-14.894814215693264,Anomaly,Normal,2,2023,2023-12-01
113 TAO CHING RD,JURONG WEST,3 ROOM,Improved,67.0,4059.7014925373132,4669.202157263352,-609.5006647260388,-13.053636235858995,-40836.5445366446,-13.053636235858995,Normal,Anomaly,2,2023,2023-04-01
56 GEYLANG BAHRU,KALLANG/WHAMPOA,5 ROOM,Standard,114.0,5263.1578947368425,6168.168302730818,-905.0104079939756,-14.672271630352604,-103171.18651131322,-14.672271630352604,Anomaly,Normal,2,2023,2023-04-01
56 GEYLANG BAHRU,KALLANG/WHAMPOA,5 ROOM,Standard,114.0,5263.1578947368425,6168.168302730818,-905.0104079939756,-14.672271630352604,-103171.18651131322,-14.672271630352604,Anomaly,Normal,2,2023,2023-04-01
39 UPP BOON KENG RD,KALLANG/WHAMPOA,5 ROOM,Standard,117.0,5367.521367521367,6147.995864448126,-780.4744969267585,-12.694779146485613,-91315.51614043074,-12.694779146485613,Anomaly,Normal,2,2023,2023-04-01
9 BOON KENG RD,KALLANG/WHAMPOA,5 ROOM,DBSS,107.0,8850.467289719627,9767.031788934575,-916.5644992149482,-9.384268619391179,-98072.40141599945,-9.384268619391179,Anomaly,,2,2023,2023-06-01
72 GEYLANG BAHRU,KALLANG/WHAMPOA,3 ROOM,Improved,70.0,5698.4,6351.83319066341,-653.4331906634106,-10.287316606863909,-45740.323346438745,-10.287316606863909,Anomaly,Normal,2,2023,2023-07-01
53 GEYLANG BAHRU,KALLANG/WHAMPOA,5 ROOM,Standard,117.0,5555.555555555556,6183.204772223103,-627.6492166675471,-10.150872238408542,-73434.95835010301,-10.150872238408542,Normal,Anomaly,2,2023,2023-08-01
71 MARINE DR,MARINE PARADE,5 ROOM,Standard,126.0,6412.6984126984125,7054.229747862859,-641.5313351644463,-9.094279008403488,-80832.94823072024,-9.094279008403488,Anomaly,Normal,2,2023,2023-03-01
26 GHIM MOH LINK,QUEENSTOWN,2 ROOM,2-room,47.0,7765.95744680851,8403.057336044421,-637.0998892359112,-7.581762967427445,-29943.694794087824,-7.581762967427445,Normal,Anomaly,2,2023,2023-06-01
182A WOODLANDS ST 13,WOODLANDS,2 ROOM,Model A,47.0,3191.4893617021276,4998.773702636087,-1807.2843409339598,-36.154554065548,-84942.36402389611,-36.154554065548,Anomaly,,2,2023,2023-12-01
260B ANG MO KIO ST 21,ANG MO KIO,4 ROOM,Model A,92.0,8478.260869565218,9081.639689566162,-603.378820000944,-6.643941409547023,-55510.851440086844,-6.643941409547023,Anomaly,,2,2024,2024-04-01
455A ANG MO KIO ST 44,ANG MO KIO,4 ROOM,Model A,93.0,8494.623655913978,9170.647250773362,-676.0235948593836,-7.371601767829141,-62870.194321922674,-7.371601767829141,Normal,Anomaly,2,2024,2024-06-01
620 ANG MO KIO AVE 9,ANG MO KIO,5 ROOM,Improved,121.0,5256.198347107438,6200.501182059371,-944.3028349519327,-15.229459800510861,-114260.64302918386,-15.229459800510861,Anomaly,,2,2024,2024-08-01
455B ANG MO KIO ST 44,ANG MO KIO,5 ROOM,Improved,113.0,9292.035398230088,9895.801535602419,-603.7661373723313,-6.101235308733142,-68225.57352307343,-6.101235308733142,Normal,Anomaly,2,2024,2024-09-01
718 BEDOK RESERVOIR RD,BEDOK,5 ROOM,Model A,146.0,5260.273972602739,5876.899702896324,-616.6257302935846,-10.492364366703278,-90027.35662286336,-10.492364366703278,Normal,Anomaly,2,2024,2024-05-01
170 BISHAN ST 13,BISHAN,4 ROOM,Simplified,83.0,6385.542168674699,7283.557615564488,-898.015446889789,-12.329351867427924,-74535.28209185248,-12.329351867427924,Normal,Anomaly,2,2024,2024-01-01
449 SIN MING AVE,BISHAN,EXECUTIVE,Maisonette,189.0,6772.486772486773,8019.207233554157,-1246.7204610673843,-15.54667967490386,-235630.16714173564,-15.54667967490386,Normal,Anomaly,2,2024,2024-09-01
48 LOWER DELTA RD,BUKIT MERAH,2 ROOM,Standard,43.0,5813.953488372093,6460.758463014322,-646.8049746422294,-10.011285491401221,-27812.613909615862,-10.011285491401221,Anomaly,Normal,2,2024,2024-06-01
95B HENDERSON RD,BUKIT MERAH,3 ROOM,Model A,68.0,10220.588235294117,11223.182597287812,-1002.5943619936952,-8.933244677280593,-68176.41661557127,-8.933244677280593,Anomaly,Normal,2,2024,2024-07-01
45 TELOK BLANGAH DR,BUKIT MERAH,2 ROOM,Improved,45.0,6333.333333333333,7101.842374627391,-768.5090412940581,-10.821263001269852,-34582.906858232614,-10.821263001269852,Anomaly,Normal,2,2024,2024-08-01
1C CANTONMENT RD,CENTRAL AREA,4 ROOM,Type S1,94.0,12021.27659574468,12781.7850833394,-760.5084875947196,-5.9499395634966135,-71487.79783390363,-5.9499395634966135,Anomaly,,2,2024,2024-02-01
1D CANTONMENT RD,CENTRAL AREA,4 ROOM,Type S1,93.0,13010.752688172042,13923.582989306024,-912.8303011339813,-6.556001438962072,-84893.21800546025,-6.556001438962072,Anomaly,Normal,2,2024,2024-09-01
103 CLEMENTI ST 14,CLEMENTI,5 ROOM,Improved,123.0,4065.040650406504,6137.954629552548,-2072.913979146044,-33.772064217704354,-254968.4194349634,-33.772064217704354,Anomaly,,2,2024,2024-07-01
57 CIRCUIT RD,GEYLANG,3 ROOM,Standard,56.0,4910.714285714285,5543.368981065104,-632.6546953508187,-11.41281948778485,-35428.662939645845,-11.41281948778485,Anomaly,Normal,2,2024,2024-01-01
23 EUNOS CRES,GEYLANG,5 ROOM,Standard,117.0,5299.145299145299,5912.94646793002,-613.8011687847211,-10.38063124896847,-71814.73674781236,-10.38063124896847,Anomaly,Normal,2,2024,2024-01-01
35 CIRCUIT RD,GEYLANG,4 ROOM,Standard,83.1,4763.995186522263,6257.223786451414,-1493.2285999291507,-23.86407536138304,-124087.29665411242,-23.86407536138304,Anomaly,Anomaly,3,2024,2024-07-01
23 EUNOS CRES,GEYLANG,5 ROOM,Standard,117.0,5452.991452991453,6466.993389315324,-1014.0019363238707,-15.679650113748231,-118638.22654989288,-15.679650113748231,Anomaly,Normal,2,2024,2024-09-01
22 EUNOS CRES,GEYLANG,5 ROOM,Standard,123.0,4959.349593495935,6381.216108705893,-1421.8665152099584,-22.28206177299192,-174889.5813708249,-22.28206177299192,Anomaly,,2,2024,2024-11-01
962 HOUGANG AVE 9,HOUGANG,5 ROOM,Improved,116.0,5086.206896551724,5824.89239655397,-738.685500002246,-12.681530399415712,-85687.51800026055,-12.681530399415712,Normal,Anomaly,2,2024,2024-06-01
63 KALLANG BAHRU,KALLANG/WHAMPOA,5 ROOM,Adjoined flat,130.0,5423.076923076923,6373.409932425615,-950.333009348692,-14.910903573199331,-123543.29121532997,-14.910903573199331,Normal,Anomaly,2,2024,2024-01-01
7 BOON KENG RD,KALLANG/WHAMPOA,5 ROOM,DBSS,107.0,9532.710280373833,10358.967672149662,-826.2573917758291,-7.976252247579094,-88409.54092001371,-7.976252247579094,Anomaly,,2,2024,2024-01-01
446 PASIR RIS DR 6,PASIR RIS,4 ROOM,Model A,123.0,4796.747967479675,5516.333647764741,-719.5856802850658,-13.044636641524523,-88509.03867506309,-13.044636641524523,Normal,Anomaly,2,2024,2024-04-01
203B PUNGGOL FIELD,PUNGGOL,5 ROOM,Improved,110.0,5272.727272727273,5971.941282128595,-699.2140094013221,-11.708320232380103,-76913.54103414543,-11.708320232380103,Anomaly,,2,2024,2024-01-01
168A QUEENSWAY,QUEENSTOWN,4 ROOM,Improved,84.0,4940.476190476191,6126.30131975382,-1185.8251292776295,-19.356297827761445,-99609.31085932087,-19.356297827761445,Normal,Anomaly,2,2024,2024-05-01
1 GHIM MOH RD,QUEENSTOWN,5 ROOM,Adjoined flat,130.0,5538.461538461538,6240.037998181384,-701.5764597198458,-11.243144030922817,-91204.93976357995,-11.243144030922817,Anomaly,,2,2024,2024-11-01
1 GHIM MOH RD,QUEENSTOWN,5 ROOM,Adjoined flat,130.0,5538.461538461538,6240.037998181384,-701.5764597198458,-11.243144030922817,-91204.93976357995,-11.243144030922817,Anomaly,,2,2024,2024-11-01
1 GHIM MOH RD,QUEENSTOWN,5 ROOM,Adjoined flat,130.0,5538.461538461538,6183.916950871169,-645.4554124096312,-10.437646843214827,-83909.20361325206,-10.437646843214827,Anomaly,Normal,2,2024,2024-11-01
1 GHIM MOH RD,QUEENSTOWN,5 ROOM,Adjoined flat,130.0,5538.461538461538,6183.916950871169,-645.4554124096312,-10.437646843214827,-83909.20361325206,-10.437646843214827,Anomaly,Normal,2,2024,2024-11-01
1 GHIM MOH RD,QUEENSTOWN,5 ROOM,Adjoined flat,130.0,5538.461538461538,6234.326188992344,-695.8646505308061,-11.161826145052556,-90462.4045690048,-11.161826145052556,Normal,Anomaly,2,2024,2024-11-01
1 GHIM MOH RD,QUEENSTOWN,5 ROOM,Adjoined flat,130.0,5538.461538461538,6234.326188992344,-695.8646505308061,-11.161826145052556,-90462.4045690048,-11.161826145052556,Normal,Anomaly,2,2024,2024-11-01
1 GHIM MOH RD,QUEENSTOWN,5 ROOM,Adjoined flat,130.0,5538.461538461538,6377.038810120364,-838.5772716588262,-13.149947752050743,-109015.04531564741,-13.149947752050743,Anomaly,Normal,2,2024,2024-11-01
1 GHIM MOH RD,QUEENSTOWN,5 ROOM,Adjoined flat,130.0,5538.461538461538,6183.916950871169,-645.4554124096312,-10.437646843214827,-83909.20361325206,-10.437646843214827,Anomaly,Normal,2,2024,2024-11-01
1 GHIM MOH RD,QUEENSTOWN,5 ROOM,Adjoined flat,130.0,5538.461538461538,6183.916950871169,-645.4554124096312,-10.437646843214827,-83909.20361325206,-10.437646843214827,Anomaly,Normal,2,2024,2024-11-01
1 GHIM MOH RD,QUEENSTOWN,5 ROOM,Adjoined flat,130.0,5538.461538461538,6240.037998181384,-701.5764597198458,-11.243144030922817,-91204.93976357995,-11.243144030922817,Anomaly,Anomaly,3,2024,2024-11-01
1 GHIM MOH RD,QUEENSTOWN,5 ROOM,Adjoined flat,130.0,5538.461538461538,6240.037998181384,-701.5764597198458,-11.243144030922817,-91204.93976357995,-11.243144030922817,Anomaly,Anomaly,3,2024,2024-11-01
1 GHIM MOH RD,QUEENSTOWN,5 ROOM,Adjoined flat,130.0,5538.461538461538,6321.828696648661,-783.3671581871231,-12.39146449194998,-101837.730564326,-12.39146449194998,Anomaly,Normal,2,2024,2024-11-01
1 GHIM MOH RD,QUEENSTOWN,5 ROOM,Adjoined flat,130.0,5538.461538461538,6307.2727066005145,-768.8111681389764,-12.189280595627666,-99945.45185806694,-12.189280595627666,Anomaly,,2,2024,2024-11-01
101 RIVERVALE WALK,SENGKANG,5 ROOM,Improved,121.0,5123.966942148761,5983.6103330664455,-859.6433909176849,-14.366633906074226,-104016.85030103987,-14.366633906074226,Normal,Anomaly,2,2024,2024-08-01
264 TOA PAYOH EAST,TOA PAYOH,4 ROOM,Model A,93.0,9726.752688172042,10380.901883286891,-654.1491951148491,-6.301467853848232,-60835.87514568097,-6.301467853848232,Anomaly,,2,2024,2024-04-01
206 MARSILING DR,WOODLANDS,3 ROOM,New Generation,68.0,4411.764705882353,5023.420499412617,-611.6557935302635,-12.17608188686939,-41592.593960057915,-12.17608188686939,Anomaly,Normal,2,2024,2024-06-01
5 MARSILING DR,WOODLANDS,4 ROOM,Improved,90.0,3944.4444444444443,4708.579364690336,-764.1349202458914,-16.228566220549315,-68772.14282213023,-16.228566220549315,Anomaly,Anomaly,3,2024,2024-09-01
455C ANG MO KIO ST 44,ANG MO KIO,4 ROOM,Model A,93.0,9677.41935483871,10530.945149358357,-853.5257945196463,-8.104930587086487,-79377.89889032711,-8.104930587086487,Anomaly,Anomaly,3,2025,2025-04-01
620 ANG MO KIO AVE 9,ANG MO KIO,5 ROOM,Improved,121.0,5413.2231404958675,6072.461189617033,-659.2380491211652,-10.856192053534407,-79767.80394366098,-10.856192053534407,Normal,Anomaly,2,2025,2025-03-01
613 BEDOK RESERVOIR RD,BEDOK,5 ROOM,Improved,121.0,5206.611570247934,5847.797178577245,-641.1856083293114,-10.964566464073405,-77583.45860784668,-10.964566464073405,Normal,Anomaly,2,2025,2025-11-01
613 BEDOK RESERVOIR RD,BEDOK,5 ROOM,Improved,121.0,5082.644628099173,5847.797178577245,-765.152550478072,-13.084457738738328,-92583.45860784671,-13.084457738738328,Normal,Anomaly,2,2025,2025-11-01
8 JLN RUMAH TINGGI,BUKIT MERAH,5 ROOM,Model A,136.0,6433.823529411765,7379.391107491227,-945.5675780794618,-12.81362600661678,-128597.19061880681,-12.81362600661678,Normal,Anomaly,2,2025,2025-08-01
17 TOH YI DR,BUKIT TIMAH,4 ROOM,Model A,104.0,8173.076923076923,9056.05037697954,-882.9734539026167,-9.750094325304696,-91829.23920587215,-9.750094325304696,Anomaly,Normal,2,2025,2025-02-01
9 SELEGIE RD,CENTRAL AREA,3 ROOM,Standard,58.0,6896.551724137931,7525.552707145472,-629.0009830075405,-8.358203144472133,-36482.05701443735,-8.358203144472133,Anomaly,Normal,2,2025,2025-01-01
1G CANTONMENT RD,CENTRAL AREA,4 ROOM,Type S1,93.0,14086.021505376344,15009.963272815905,-923.9417674395609,-6.1555231724842665,-85926.58437187916,-6.1555231724842665,Anomaly,Normal,2,2025,2025-08-01
1D CANTONMENT RD,CENTRAL AREA,4 ROOM,Type S1,96.0,13541.666666666666,14334.929834889292,-793.2631682226256,-5.533777823536532,-76153.26414937206,-5.533777823536532,Anomaly,Normal,2,2025,2025-09-01
1F CANTONMENT RD,CENTRAL AREA,5 ROOM,Type S2,107.0,13700.934579439252,14314.937502604753,-614.0029231655008,-4.289246271971335,-65698.31277870858,-4.289246271971335,Anomaly,,2,2025,2025-10-01
1E CANTONMENT RD,CENTRAL AREA,5 ROOM,Type S2,105.0,13904.761904761905,14559.411506836324,-654.6496020744198,-4.496401532211871,-68738.20821781408,-4.496401532211871,Anomaly,,2,2025,2025-10-01
347 CLEMENTI AVE 5,CLEMENTI,4 ROOM,New Generation,92.0,5869.565217391304,6601.908247971027,-732.3430305797228,-11.092899250830921,-67375.5588133345,-11.092899250830921,Normal,Anomaly,2,2025,2025-12-01
416 CLEMENTI AVE 1,CLEMENTI,5 ROOM,Improved,113.0,9016.70796460177,9791.006473659349,-774.2985090575785,-7.908262660643381,-87495.73152350637,-7.908262660643381,Normal,Anomaly,2,2025,2025-12-01
22 EUNOS CRES,GEYLANG,5 ROOM,Standard,123.0,5609.756097560976,6252.264458501004,-642.5083609400281,-10.276410494223898,-79028.52839562345,-10.276410494223898,Anomaly,Normal,2,2025,2025-03-01
1 BEACH RD,KALLANG/WHAMPOA,5 ROOM,Adjoined flat,153.0,5960.78431372549,6897.6428607949065,-936.8585470694161,-13.582300011419402,-143339.35770162067,-13.582300011419402,Normal,Anomaly,2,2025,2025-12-01
48 DORSET RD,KALLANG/WHAMPOA,5 ROOM,Standard,119.0,5714.285714285715,6733.561882249548,-1019.2761679638334,-15.137251068424334,-121293.86398769617,-15.137251068424334,Normal,Anomaly,2,2025,2025-03-01
63 KALLANG BAHRU,KALLANG/WHAMPOA,5 ROOM,Adjoined flat,141.0,5858.156028368794,6466.1819835532015,-608.0259551844074,-9.403168001317121,-85731.65968100145,-9.403168001317121,Normal,Anomaly,2,2025,2025-12-01
72 MARINE DR,MARINE PARADE,5 ROOM,Standard,120.0,6800.0,7450.560903246029,-650.5609032460288,-8.731703715925539,-78067.30838952346,-8.731703715925539,Anomaly,,2,2025,2025-11-01
95 DAWSON RD,QUEENSTOWN,2 ROOM,Premium Apartment,47.0,11489.36170212766,12113.013824168795,-623.6521220411341,-5.1486123197248945,-29311.649735933304,-5.1486123197248945,Normal,Anomaly,2,2025,2025-12-01
29 GHIM MOH LINK,QUEENSTOWN,3 ROOM,Model A,68.0,9705.882352941177,10368.62818263048,-662.7458296893037,-6.391837165108641,-45066.71641887265,-6.391837165108641,Normal,Anomaly,2,2025,2025-06-01
414 TAMPINES ST 41,TAMPINES,4 ROOM,Simplified,84.0,3571.4285714285716,4422.80137189215,-851.3728004635786,-19.24962775570784,-71515.3152389406,-19.24962775570784,Anomaly,,2,2025,2025-04-01
616 WOODLANDS AVE 4,WOODLANDS,4 ROOM,Model A,102.0,3117.6470588235293,3883.520178614355,-765.8731197908255,-19.72110571250051,-78119.0582186642,-19.72110571250051,Normal,Anomaly,2,2025,2025-12-01
36 CIRCUIT RD,GEYLANG,3 ROOM,Standard,72.0,5609.555555555556,6541.067421022739,-931.5118654671833,-14.24097636531524,-67068.85431363719,-14.24097636531524,Anomaly,,2,2026,2026-01-01
5A UPP BOON KENG RD,KALLANG/WHAMPOA,3 ROOM,Model A,67.0,10000.0,10976.84669149874,-976.8466914987403,-8.899155822730773,-65448.7283304156,-8.899155822730773,Normal,Anomaly,2,2026,2026-01-01
774 PASIR RIS ST 71,PASIR RIS,4 ROOM,Model A,104.0,5181.615384615385,5825.9422263079105,-644.3268416925257,-11.05961605288449,-67009.99153602267,-11.05961605288449,Normal,Anomaly,2,2026,2026-01-01
